Sequence,Numeric Label
MNNDKIIIENIKDYYDSYDNP,-0.7198664945928913
MSADTSDFDRKLGGHDAYRKR,-1.175617004676054
RFWYRWFWWHWYWWYEWWWYY,0.8376649019883745
MQALAATVDELAGGAPWWAWL,-3.54187624170064
MIFAYTTSNGQTVTSSNSQAS,-2.6196902411271776
MYFQAVIDRIYPDKAVNLLSI,-4.146666697915785
MPLPNADIVDQYAAELIQRGS,-1.6479979840696903
MKSFKDKCCHCCKKEEVVEKS,-0.9154439918796126
MYQLWDALLLSSLLLGTSYGS,-5.566835208102249
MHSTGSLLMALSQASSVFTAI,-4.752764755556606
MATIVVTNIGSTGAPGKATNT,-3.1610962784162835
MRPTVGMICMVFFLCLCACAQ,-5.159917076301876
MACAFKRRYRLTLFNLIERTL,-0.22809012449423
MERKRDALPILLPAPLRRRAS,-0.0262637844775508
MENAKDDKFFVGIAILLSLPI,-5.681501351326549
MAVLSTPEDISNRAYLVSSWL,-3.2230124240511926
MELIDMSTKEFADIKEVVKQL,-2.5253455118371058
MLQAKSARPHERPPATTDPMF,-1.881264002562488
MDGPPMSTPLYGQYRPPASPP,-4.542987392617658
MPLPWQVTTASPPPSPHERAP,-4.1996266064123615
MLLTAQQRQLLQDFAQAVNSG,-2.831586783287121
MSEIVAVSGLTATYGSSPVVS,-4.313260873849264
MDEVLLQSAFEQLSESAPEQE,2.467392633068365
MDFKEPRVFALPSLGFFLIWG,-6.385331649120099
MKILLVIDHNTFRVLITESLR,-3.127695830301924
MMKNYYLRLLILCCALVFAQP,-3.9186064741494087
MSLPNRGRILSLSNGRALTVP,-0.2911051649335068
MNKAYKFRIYPNSSQKLMLNK,0.969711719380878
MAQPGLSTELALGIELRNTPL,-2.967882214099181
ERLSPGACREGHAVRGGARRH,1.5194644957468155
MIGNIEKLNTLPSQISRITEI,-3.363811420146199
MTKSAHPLGPKPPSKPLRKHR,2.9698060280263325
MAGTWRASVGRDGRARTGRGG,2.0239845823754345
MRASSRWLRGAACIPVLLFAF,-1.568948627268492
MASIRKITTNGRKSYQVQIRN,1.7488107408240354
MAIGSTEVRENLLVRLDKAIS,-2.101502728739675
MIARSHEGHAHGHAARDHGRR,2.090094106823705
MTSTATDFASLFSSQLNTQLS,-2.897913913377125
MMKMRFVLSLIVVTLSIGVSP,-5.171830381328276
MEHEYIILSLIILISSYAFAL,-6.740878992346109
MSILGKSALLCGLLFAGASAA,-5.168413353478341
MLNSTDTLPTRHPGILSASHF,-2.467755803654354
MKNVNFQCILLFFIPFFLFQQ,-8.875191324873851
MAEELHIVFKISSDSSEIKSK,-3.503177500595868
MISGPSGERRPVVSILCTCYN,-2.730774130390123
MAGRIVDGTVNLSAEPAERIP,-1.6466223442081998
METNRILKELLDEREARLTRL,-1.0911057267663256
MQLPEAAGAQLADVVEHGQRD,-0.4229278028212442
MHRSKTGPGPLLALTLALTSS,-2.592800147312491
MSQTLPDDRLPADDKSAIEAM,-0.1679074294935707
